{
  "products": [
    {
      "id": "1",
      "title": "رژ لب مات نود",
      "brand": "Maybelline",
      "price": 185000,
      "discount": 15,
      "image": "/img/small-item-2.webp",
      "categoryId": 4,
      "subCategoryId": 18,
      "rating": 4.5,
      "isLarge": false,
      "description": "رژ لب مات با ماندگاری بالا و رنگ نود طبیعی.",
      "features": [
        "دارای بافت سبک و مخملی برای راحتی بیشتر لب‌ها",
        "رنگ نود طبیعی مناسب استفاده روزمره",
        "حاوی ویتامین E برای حفظ نرمی و رطوبت لب‌ها",
        "ماندگاری بالا تا ۸ ساعت بدون نیاز به تمدید",
        "فاقد پارابن و مواد حساسیت‌زا"
      ]
    },
    {
      "id": "2",
      "title": "کرم پودر مات Fit Me",
      "brand": "Maybelline",
      "price": 295000,
      "discount": 10,
      "image": "/img/small-item-7.jpg",
      "categoryId": 4,
      "subCategoryId": 16,
      "rating": 4.7,
      "isLarge": false,
      "description": "کرم پودر با پوشانندگی بالا، فاقد چربی و مناسب پوست چرب.",
      "features": [
        "حاوی کمپلکس تخمیر شده سیکا برای تسکین سریع پوست",
        "حاوی کمپلکس مولتی هیالورونیک اسید ، پانتنول و بتا گلوکان برای آبرسانی عمیق پوست",
        "قفل رطوبت درون پوست و جلوگیری از دهیدراته شدن",
        "غنی شده با عصاره درخت چای برای کنترل چربی و جلوگیری از خشکی",
        "سرشار از سرامید NP برای تقویت و محافظت از سد دفاعی پوست",
        "دارای بافتی ژل کرمی و بسیار سبک و زود جذب",
        "مناسب برای انواع پوست بخصوص پوست حساس",
        "مناسب برای پوست های مستعد به جوش و جلوگیری از ایجاد آن ها"
      ]
    },
    {
      "id": "3",
      "title": "ریمل حجم‌دهنده Volum' Express",
      "brand": "L'Oréal",
      "price": 215000,
      "discount": 20,
      "image": "/img/small-item-5.webp",
      "categoryId": 4,
      "subCategoryId": 17,
      "rating": 4.3,
      "isLarge": false,
      "description": "ریمل با برس بزرگ برای حجم‌دهی بالا و بدون ریزش.",
      "features": []
    },
    {
      "id": "5",
      "title": "شامپو بار (شامپو جامد) اوجی ایکس آرگان",
      "brand": "OGX",
      "price": 320000,
      "discount": 10,
      "image": "/img/small-item-29.jpg",
      "categoryId": 2,
      "subCategoryId": 8,
      "rating": 4.8,
      "isLarge": false,
      "description": "شامپو بار اوجی ایکس حاوی روغن آرگان بوده و کاملا ارگانیک می باشد. این شامپو مخصوص موهای کراتین شده بوده و فاقد سولفات و مواد شیمیایی مضر می باشد و میتواند موهای شما را نرم و لطیف کند.",
      "features": [
        "بدون سولفات و مواد شیمیایی مضر,",
        "حاوی روغن مغذی آرگان",
        "فرمولاسیون اورگانیک",
        "قابل استفاده برای موهای نرمال، خشک، آسیب دیده و رنگشده"
      ]
    },
    {
      "id": "6",
      "title": "نرم کننده مویسچر اند مور پاپایا میلک شیک",
      "brand": "Papaya",
      "price": 580000,
      "discount": 20,
      "image": "/img/small-item-30.jpg",
      "categoryId": 2,
      "subCategoryId": 9,
      "rating": 4.8,
      "isLarge": false,
      "description": "نرم کننده میلک شیک با فرمول غنی خود، تعادل رطوبت طبیعی مو را حفظ کرده و از رنگ مو محافظت می‌کند. این محصول با عصاره ارگانیک پاپایا غنی شده است که خواص مرطوب‌کنندگی فوق‌العاده‌ای دارد و به موهای شما درخشندگی و سلامتی می‌بخشد. همچنین، محتوای اسید هیالورونیک در این نرم‌کننده، موها را نرم و پذیرای رطوبت می‌کند. با وجود یک آنتی‌اکسیدان قوی، از محو شدن رنگ موها جلوگیری می‌شود و نتیجه‌ای درخشان و کنترل‌شده به ارمغان می‌آورد.",
      "features": [
        "مناسب برای موهای خشک و آسیب دیده",
        "بازسازی و ترمیم ساقه موها",
        "حاوی مواد مغذی",
        "آبرسان کننده بافت مو",
        "ضد وز و موخوره",
        "بدون پارابن و سولفات"
      ]
    },
    {
      "id": "7",
      "title": "ماسک مو روغن نارگیل اوجی ایکس برطرف کننده آسیب مو",
      "brand": "OGX",
      "price": 890000,
      "discount": 10,
      "image": "/img/small-item-33.jpg",
      "categoryId": 2,
      "subCategoryId": 2,
      "rating": 3.8,
      "isLarge": false,
      "description": "شامپو بار اوجی ایکس حاوی روغن آرگان بوده و کاملا ارگانیک می باشد. این شامپو مخصوص موهای کراتین شده بوده و فاقد سولفات و مواد شیمیایی مضر می باشد و میتواند موهای شما را نرم و لطیف کند.",
      "features": [
        "بدون سولفات و مواد شیمیایی مضر,",
        "حاوی روغن مغذی آرگان",
        "فرمولاسیون اورگانیک",
        "قابل استفاده برای موهای نرمال، خشک، آسیب دیده و رنگشده"
      ]
    },
    {
      "id": "8",
      "title": "تافت مو سلکتیو اسپری نگهدارنده EXCEL STRONG",
      "brand": "Selective",
      "price": 320000,
      "discount": 10,
      "image": "/img/small-item-31.jpg",
      "categoryId": 2,
      "subCategoryId": 10,
      "rating": 5,
      "isLarge": false,
      "description": "تافت مو سلکتیو بدون ایجاد حس سنگینی روی مو سریع خشک می شود، هیچ اثری باقی نمی گذارد و می توان آن را با یک ضربه قلم مو پاک کرد.",
      "features": [
        "مناسب برای انواع مو",
        "بدون ایجاد چسبندگی روی مو",
        "مقاوم در برابر آب",
        "نگهدارنده مدل مو"
      ]
    },
    {
      "id": "9",
      "title": "کرم آبرسان شیسیدو مدل Essential Energy",
      "brand": "Sheido",
      "price": 3950000,
      "discount": 0,
      "image": "/img/small-item-17.jpg",
      "categoryId": 1,
      "subCategoryId": 1,
      "rating": 4.5,
      "isLarge": false,
      "description": "کرم آبرسان شیسیدو مدل Essential Energy با بافت سبکی که دارد به خوبی جذب پوست شده و ضمن آبرسانی به پوست ظاهری درخشان به آن می‌دهد. این لوسیون حاوی هیالورونیک اسید بوده که خاصیت آبرسانی داشته و خطوط ریز را پر می‌کند. این محصول کاهنده چین و چروک بوده و از عصاره جنسینگ قرمز جهت تغذیه پوست بهره گرفته است. عصاره گلپر به کار رفته در این لوسیون پوست را آبرسانی 24 ساعته کرده و موجب طراوت و شادابی پوست می‌شود.",
      "features": [
        "آبرسان و مرطوب کننده موثر پوست با هیالورونیک اسید",
        "کاهش چین و چروک و خطوط ریز پوست",
        "تغذیه کننده پوست با عصاره جنسینگ قرمز",
        "آبرسانی 24 ساعته و حفظ رطوبت با عصاره گلپر",
        "سرشار از ویتامین c با عصار پوست نارنگی انشیو",
        "جوان کننده پوست و کاهش نشانه های پیری"
      ]
    },
    {
      "id": "10",
      "title": "ژل شستشوی فمینله بانوان با عصاره کرنبری",
      "brand": "Oriflame",
      "price": 730000,
      "discount": 15,
      "image": "/img/small-item-34.webp",
      "categoryId": 3,
      "subCategoryId": 14,
      "rating": 4.5,
      "isLarge": false,
      "description": "ژل شستشوی محافظت کننده برای حفظ بهداشت ناحیه تناسلی و جلوگیری کننده از بوی ناخوشایند و احساس ناراحتی حاوی عصاره طبیعی کرنبری حاویِ اسید لاکتیک، عصاره طبیعی کرنبری و پربیوتیک ها که عطر خیلی خوبی دارد. سلامت پوست راحفظ کرده، از رشد باکتری های بوی بد، خشکی، سوزش و خارش جلوگیری می کند.",
      "features": [
        "مناسب برای خانم ها در همه سنین",
        "تنظیمpHمتعادل ناحیه حساس بانوان",
        "فرمول بدون صابون و مناسب برای استفاده روزانه",
        "حتی در دوره پریود، بارداری و شیردهی"
      ]
    },
    {
      "id": "11",
      "title": "ژل شستشو بانوان نوجوان Feminelle Teens Gentle",
      "brand": "Oriflame",
      "price": 650000,
      "discount": 15,
      "image": "/img/small-item-35.webp",
      "categoryId": 3,
      "subCategoryId": 14,
      "rating": 4.5,
      "isLarge": false,
      "description": "شوینده فوق العاده ملایم ناحیه تناسلی دختران جوان فمینله",
      "features": [
        " به آرامی پوست را شاداب کرده و مراقبت می کند.",
        "حاوی عصاره طبیعی بنفشه فرنگی (بنفشه سه رنگ)",
        "برای سنین 13 - 18 سال توصیه می شود.",
        "حاوی اسید لاکتیک و پروبیوتیک"
      ]
    },
    {
      "id": "12",
      "title": "صابون بچه جذاب ماندارین و زنجبیل",
      "brand": "Oriflame",
      "price": 650000,
      "discount": 15,
      "image": "/img/small-item-37.webp",
      "categoryId": 3,
      "subCategoryId": 15,
      "rating": 4.5,
      "isLarge": false,
      "description": "صابون صابونی با رایحه شیرین و دلچسب، مناسب پوست لطیف کودکان. فرمول ملایم آن با عصاره میوه‌ای و ارگانیک ماندارین، به آرامی پوست را تمیز و شاداب می‌کند.",
      "features": [
        "به آرامی پوست را تمیز می‌کند، به آن حس تازگی می‌بخشد",
        "فرمول ملایم مخصوص کودکان",
        "رایحه ماندارین تند و آبدار - بچه‌ها عاشقش می‌شوند!"
      ]
    },
    {
      "id": "13",
      "title": "خمیر دندان ملایم توت فرنگی مخصوص کودکان",
      "brand": "Oriflame",
      "price": 650000,
      "discount": 15,
      "image": "/img/small-item-36.webp",
      "categoryId": 3,
      "subCategoryId": 15,
      "rating": 4.3,
      "isLarge": false,
      "description": "با این خمیردندان خوش طعم که به تمیز کردن و محافظت از دندان‌ها، زبان، گونه‌ها و لثه‌های کودکانتان کمک می‌کند، لبخند را به لبانشان هدیه دهید.",
      "features": [
        "به آرامی پوست را تمیز می‌کند، به آن حس تازگی می‌بخشد",
        "فرمول ملایم مخصوص کودکان",
        "رایحه ماندارین تند و آبدار - بچه‌ها عاشقش می‌شوند!"
      ]
    },
    {
      "id": "14",
      "title": "ابزار اصلاح موی مردانه ۴ کاره",
      "brand": "Oriflame",
      "price": 650000,
      "discount": 15,
      "image": "/img/small-item-38.webp",
      "categoryId": 3,
      "subCategoryId": 13,
      "rating": 4.3,
      "isLarge": false,
      "description": "او را به ماشین اصلاحی مجهز کنید که روال اصلاحش را برایش لذت‌بخش کند. این ماشین اصلاح که مجهز به چهار سری مختلف و دو شانه برای نواحی و طول موهای مختلف است، تمام پرزهای صورتش را کنترل می‌کند.",
      "features": [
        "چهار سر مختلف برای قسمت‌های مختلف صورتش",
        "به آرامی پوست را تمیز می‌کند، به آن حس تازگی می‌بخشد",
        "فرمول ملایم مخصوص آقایان",
        "همراه با یک برس تمیزکننده‌ی مناسب"
      ]
    },
    {
      "id": "15",
      "title": "پاف دوش لایه بردار زغالی",
      "brand": "Oriflame",
      "price": 650000,
      "discount": 15,
      "image": "/img/small-item-39.webp",
      "categoryId": 3,
      "subCategoryId": 13,
      "rating": 4.3,
      "isLarge": false,
      "description": "با استفاده از پاف دوش حاوی زغال، مراسم پاکسازی خود را ارتقا دهید و با بهره‌گیری از خواص پاک‌کنندگی عمیق و مزایای تصفیه‌کنندگی زغال، کفی طراوت‌بخش برای پاکسازی و تصفیه مؤثر ارائه دهید. این پاف عمیقاً پوست را تمیز و لایه‌برداری می‌کند تا به نرم ماندن پوست کمک کند. اندازه: ۱۲ در ۱۰.۵ سانتی‌متر. جنس: ۱۰۰٪ RPE بازیافتی.",
      "features": [
        "آغشته به زغال فعال",
        "عمیقا پوست را تمیز و لایه برداری می کند تا به نرمی پوست کمک کند",
        "به آرامی پوست را تمیز می‌کند، به آن حس تازگی می‌بخشد",
        "فرمول ملایم مخصوص آقایان",
        "ساخته شده از مواد ۱۰۰٪ بازیافتی"
      ]
    },
    {
      "id": "16",
      "title": "قیچی ابرو شاه بلوطی با شانه",
      "brand": "Oriflame",
      "price": 650000,
      "discount": 15,
      "image": "/img/small-item-40.webp",
      "categoryId": 3,
      "subCategoryId": 13,
      "rating": 4.3,
      "isLarge": false,
      "description": "قیچی ابرو برای اصلاح سریع و کارآمد بدون نیاز به موچین. با کوتاه کردن دقیق موهای پراکنده یا نامرتب، طول و شکل اضافی ابرو را اصلاح کنید. این قیچی که برای دقت طراحی شده است، به شما این امکان را می‌دهد که میزان مویی را که می‌خواهید با دقت کوتاه کنید، کنترل کنید.",
      "features": [
        "دارای یک شانه کوچک برای اصلاح دقیق‌تر",
        "گرفتن راحت",
        "طراحی شده برای دقت",
        "فرمول ملایم مخصوص آقایان",
        "ساخته شده از مواد ۱۰۰٪ بازیافتی"
      ]
    },
    {
      "id": "17",
      "title": "لاک ناخن اوریفلم",
      "brand": "Oriflame",
      "price": 650000,
      "discount": 15,
      "image": "/img/big-image1.webp",
      "categoryId": 4,
      "subCategoryId": 19,
      "rating": 4.8,
      "isLarge": true,
      "description": "قیچی ابرو برای اصلاح سریع و کارآمد بدون نیاز به موچین. با کوتاه کردن دقیق موهای پراکنده یا نامرتب، طول و شکل اضافی ابرو را اصلاح کنید. این قیچی که برای دقت طراحی شده است، به شما این امکان را می‌دهد که میزان مویی را که می‌خواهید با دقت کوتاه کنید، کنترل کنید.",
      "features": [
        "دارای یک شانه کوچک برای اصلاح دقیق‌تر",
        "گرفتن راحت",
        "طراحی شده برای دقت",
        "فرمول ملایم مخصوص آقایان",
        "ساخته شده از مواد ۱۰۰٪ بازیافتی"
      ]
    },
    {
      "id": "18",
      "title": "کرم پودر مات Fit Me",
      "brand": "Maybelline",
      "price": 150000,
      "discount": 10,
      "image": "/img/big-image3.jpg",
      "categoryId": 4,
      "subCategoryId": 16,
      "rating": 4.7,
      "isLarge": true,
      "description": "کرم پودر با پوشانندگی بالا، فاقد چربی و مناسب پوست چرب.",
      "features": [
        "حاوی کمپلکس تخمیر شده سیکا برای تسکین سریع پوست",
        "حاوی کمپلکس مولتی هیالورونیک اسید ، پانتنول و بتا گلوکان برای آبرسانی عمیق پوست",
        "قفل رطوبت درون پوست و جلوگیری از دهیدراته شدن",
        "غنی شده با عصاره درخت چای برای کنترل چربی و جلوگیری از خشکی",
        "سرشار از سرامید NP برای تقویت و محافظت از سد دفاعی پوست",
        "دارای بافتی ژل کرمی و بسیار سبک و زود جذب",
        "مناسب برای انواع پوست بخصوص پوست حساس",
        "مناسب برای پوست های مستعد به جوش و جلوگیری از ایجاد آن ها"
      ]
    },
    {
      "id": "19",
      "title": "کپسول روغن صورت Nutri6",
      "brand": "NOVAGE",
      "price": 250000,
      "discount": 10,
      "image": "/img/small-item-8.jpg",
      "categoryId": 1,
      "subCategoryId": 1,
      "rating": 4.7,
      "isLarge": true,
      "description": "ترکیبی روغنی و چرب برگرفته از عصاره و روغن 6 ماده طبیعی کنجد , هسته هلو , آووکادو , انگور فرنگی سیاه , سویا و اسیدهای چرب مفید و غنی شده با ویتامین ها و مواد معدنی مغذی , جهت رفع چین و چروک و شادابی و درخشان کردن پوست",
      "features": [
        "مناسب استفاده بر روی پوست صورت, گردن و دکلته —- افراد بالای 50 سال",
        "حاوی 30 عدد کپسول",
        "تغذیه‌کننده‌ی پوست خشک صورت و گردن",
        "بهبود دهنده‌ی چین و چروک های حاصل از کهولت و خشکی پوست",
        "غنی شده با عصاره درخت چای برای کنترل چربی و جلوگیری از خشکی",
        "ایجاد درخشندگی، صافی و شادابی برای پوست",
        "دارای بافتی ژل کرمی و بسیار سبک و زود جذب",
        "مناسب برای انواع پوست بخصوص پوست حساس",
        "مناسب برای پوست های مستعد به جوش و جلوگیری از ایجاد آن ها"
      ]
    },
    {
      "id": "20",
      "title": "روغن پاک کننده صورت",
      "brand": "NOVAGE",
      "price": 380000,
      "discount": 10,
      "image": "/img/small-item-9.jpg",
      "categoryId": 1,
      "subCategoryId": 1,
      "rating": 4.7,
      "isLarge": true,
      "description": "روغن پاک کننده نوایج، یک شوینده تخصصی برای پوست صورت بشمار میرود. فرمولاسیون تخصصی این محصول حاوی مواد مغذی و ترکیبات پاک کننده روغنی تهیه شده از روغن طبیعی و گیاهی گل پامچال است.",
      "features": [
        "فاقد هر گونه روغن معدنی و رنگ ها و ترکیبات عطری",
        "با خاصیت پاک کنندگی بسیار قوی جهت حذف سبوم اضافی، محصولات نفتی و ناخالصی ها از جمله آلاینده ها, ترکیبات آرایشی معمولی و ضد آب, حتی ترکیبات محافظ مانند SPF، ذرات خاک و گرد و غبار و سایر ذرات روغنی در منافذ و جوشهای مسدود شده میباشد.",
        "یک تمیز کننده فوق العاده کامل که در نهایت به بیشترین میزان جذب سرم و مرطوب کننده های شما کمک می کند، و به پوست احساس سبکی, تنفس و طراوت می بخشد. با آب به امولسیون قابل شستشو و شیری تبدیل می شود."
      ]
    },
    {
      "id": "21",
      "title": "سرم روشن کننده و ضدلک نوایج پلاس ",
      "brand": "NOVAGE",
      "price": 250000,
      "discount": 10,
      "image": "/img/small-item-10.jpg",
      "categoryId": 1,
      "subCategoryId": 5,
      "rating": 4.7,
      "isLarge": true,
      "description": "یک سرم ضد پیری چند منظوره است که باعث کاهش پیگمانتاسیون و لکه های تیره، روشن و یکدست شدن رنگ پوست و کاهش خطوط ریز و چین و چروک می شود.",
      "features": [
        "دارای بافت ژلی و سبک که به سرعت جذب می شود و پوست را صاف و آبرسانی می کند.",
        "مناسب برای انواع پوست از جمله پوست حساس",
        "تغذیه‌کننده‌ی پوست خشک صورت و گردن",
        "بهبود دهنده‌ی چین و چروک های حاصل از کهولت و خشکی پوست",
        "غنی شده با عصاره درخت چای برای کنترل چربی و جلوگیری از خشکی",
        "ایجاد درخشندگی، صافی و شادابی برای پوست",
        "دارای بافتی ژل کرمی و بسیار سبک و زود جذب",
        "مناسب برای انواع پوست بخصوص پوست حساس",
        "مناسب برای پوست های مستعد به جوش و جلوگیری از ایجاد آن ها"
      ]
    },
    {
      "id": "22",
      "title": "سرم جوانساز نوایج پلاس ",
      "brand": "NOVAGE",
      "price": 250000,
      "discount": 10,
      "image": "/img/small-item-12.jpg",
      "categoryId": 1,
      "subCategoryId": 5,
      "rating": 4.7,
      "isLarge": true,
      "description": "یک سرم ضد پیری چند منظوره است که باعث کاهش پیگمانتاسیون و لکه های تیره، روشن و یکدست شدن رنگ پوست و کاهش خطوط ریز و چین و چروک می شود.",
      "features": [
        "دارای بافت ژلی و سبک که به سرعت جذب می شود و پوست را صاف و آبرسانی می کند.",
        "مناسب برای انواع پوست از جمله پوست حساس",
        "تغذیه‌کننده‌ی پوست خشک صورت و گردن",
        "بهبود دهنده‌ی چین و چروک های حاصل از کهولت و خشکی پوست",
        "غنی شده با عصاره درخت چای برای کنترل چربی و جلوگیری از خشکی",
        "ایجاد درخشندگی، صافی و شادابی برای پوست",
        "دارای بافتی ژل کرمی و بسیار سبک و زود جذب",
        "مناسب برای انواع پوست بخصوص پوست حساس",
        "مناسب برای پوست های مستعد به جوش و جلوگیری از ایجاد آن ها"
      ]
    }
  ],
  "categories": [
    {
      "id": 1,
      "name": "پوست",
      "slug": "skin"
    },
    {
      "id": 2,
      "name": "مو",
      "slug": "hair"
    },
    {
      "id": 3,
      "name": "بهداشتی",
      "slug": "hygiene"
    },
    {
      "id": 4,
      "name": "آرایشی",
      "slug": "cosmetics"
    }
  ],
  "subCategories": [
    {
      "id": 1,
      "categoryId": 1,
      "name": "آبرسان و مرطوب کننده",
      "slug": "hydrating",
      "image": "/img/subcategories/small-item-17.jpg"
    },
    {
      "id": 2,
      "categoryId": 1,
      "name": "ماسک پوست",
      "slug": "skinMask",
      "image": "/img/subcategories/small-item-20.jpg"
    },
    {
      "id": 3,
      "categoryId": 1,
      "name": "کرم ضدآفتاب",
      "slug": "sunscreen",
      "image": "/img/subcategories/small-item-21.jpg"
    },
    {
      "id": 4,
      "categoryId": 1,
      "name": "پاک کننده و تونر",
      "slug": "tuner",
      "image": "/img/subcategories/small-item-16.jpg"
    },
    {
      "id": 5,
      "categoryId": 1,
      "name": "سرم و درمان",
      "slug": "serum",
      "image": "/img/subcategories/small-item-18.jpg"
    },
    {
      "id": 6,
      "categoryId": 1,
      "name": "مراقبتی چشم",
      "slug": "eye",
      "image": "/img/subcategories/eye.webp"
    },
    {
      "id": 7,
      "categoryId": 1,
      "name": "مراقبتی لب",
      "slug": "lips",
      "image": "/img/subcategories/lips.webp"
    },
    {
      "id": 8,
      "categoryId": 2,
      "name": "شامپو",
      "slug": "shampoo",
      "image": "/img/subcategories/small-item-29.jpg"
    },
    {
      "id": 9,
      "categoryId": 2,
      "name": "نرم کننده",
      "slug": "conditioner",
      "image": "/img/subcategories/small-item-30.jpg"
    },
    {
      "id": 10,
      "categoryId": 2,
      "name": "حالت دهنده",
      "slug": "spray",
      "image": "/img/subcategories/small-item-31.jpg"
    },
    {
      "id": 11,
      "categoryId": 2,
      "name": "ماسک مو",
      "slug": "hairMask",
      "image": "/img/subcategories/small-item-33.jpg"
    },
    {
      "id": 12,
      "categoryId": 2,
      "name": "مکمل مو",
      "slug": "supplement",
      "image": "/img/subcategories/supplement.webp"
    },
    {
      "id": 13,
      "categoryId": 3,
      "name": "بهداشتی آقایان",
      "slug": "menHygiene",
      "image": "/img/subcategories/men-hygiene.webp"
    },
    {
      "id": 14,
      "categoryId": 3,
      "name": "بهداشتی بانوان",
      "slug": "womenHygiene",
      "image": "/img/subcategories/women-hygiene.webp"
    },
    {
      "id": 15,
      "categoryId": 3,
      "name": "بهداشتی کودک",
      "slug": "babyHygiene",
      "image": "/img/subcategories/kids-hygiene.webp"
    },
    {
      "id": 16,
      "categoryId": 4,
      "name": "آرایش صورت",
      "slug": "faceCosmetics",
      "image": "/img/subcategories/skin.webp"
    },
    {
      "id": 17,
      "categoryId": 4,
      "name": "آرایش چشم",
      "slug": "eyeCosmetics",
      "image": "/img/subcategories/eyeCosmetics.webp"
    },
    {
      "id": 18,
      "categoryId": 4,
      "name": "آرایش لب",
      "slug": "lipsCosmetics",
      "image": "/img/subcategories/lipstick.webp"
    },
    {
      "id": 19,
      "categoryId": 4,
      "name": "آرایش ناخن",
      "slug": "nailCosmetics",
      "image": "/img/subcategories/nail.webp"
    }
  ],
  "cart": []
}